{"cameraMode":{"drawMode":0,"name":"Shaded","section":"Shading Mode"},"sceneLighting":true,"audioPlay":false,"sceneViewState":{"m_AlwaysRefresh":false,"showFog":true,"showSkybox":true,"showFlares":true,"showImageEffects":true,"showParticleSystems":true,"showVisualEffectGraphs":true,"m_FxEnabled":true},"in2DMode":false,"pivot":{"x":-8.331124305725098,"y":25.129802703857423,"z":26.430675506591798},"rotation":{"x":0.11996953189373017,"y":-0.3351544737815857,"z":0.04306294396519661,"w":0.9335106015205383},"size":8.848475456237793,"orthographic":true}